subID,onset,offset,refID,cue,type,prop-target,prop-other,cat-1,cat-2,cat-3,cat-4,cat-5,cat-6,cat-7,cat-8,cat-9,cat-10,cat-11,cat-12,cat-13,cat-14,cat-15,cat-16,cat-17,cat-18,cat-19,cat-20,cat-21,cat-22,cat-23,cat-24,cat-25
1204,55.648,57.603,15,1,3,0,0.035606,0,0,0,0,0,0,0,0,0,0,0,0,0,0,0,0,0,0,0,0,0,0,0.035606,0,0
1204,55.648,57.603,15,1,3,0,0.035606,0,0,0,0,0,0,0,0,0,0,0,0,0,0,0,0,0,0,0,0,0,0,0.035606,0,0
1204,67.717,69.239,14,2,3,0.47067,0.19702,0,0,0,0,0,0,0,0,0,0,0,0,0,0.47067,0,0,0.19702,0,0,0,0,0,0,0,0
1204,69.997,71.354,14,1,3,1,0,0,0,0,0,0,0,0,0,0,0,0,0,0,1,0,0,0,0,0,0,0,0,0,0,0
1204,73.262,76.042,14,1,3,0.49331,0.37178,0,0,0,0,0,0,0,0,0.22786,0,0,0,0,0.49331,0,0,0.14391,0,0,0,0,0,0,0,0
1204,76.993,78.555,14,1,3,1,0,0,0,0,0,0,0,0,0,0,0,0,0,0,1,0,0,0,0,0,0,0,0,0,0,0
1204,241.57,242.5,1,1,3,0.21709,0.39388,0.21709,0,0,0,0,0,0,0,0,0,0,0,0,0,0.39388,0,0,0,0,0,0,0,0,0,0
1204,241.57,242.5,15,1,3,0.39388,0.21709,0.21709,0,0,0,0,0,0,0,0,0,0,0,0,0,0.39388,0,0,0,0,0,0,0,0,0,0
1204,249.6,251.39,15,1,3,0,0.014305,0.014305,0,0,0,0,0,0,0,0,0,0,0,0,0,0,0,0,0,0,0,0,0,0,0,0
