subID,onset,offset,refID,cue,type,instigator,extra-cue,prop-target,prop-other,cat-1,cat-2,cat-3,cat-4,cat-5,cat-6,cat-7,cat-8,cat-9,cat-10,cat-11,cat-12,cat-13,cat-14,cat-15,cat-16,cat-17,cat-18,cat-19,cat-20,cat-21,cat-22,cat-23,cat-24,cat-25
1209,100.39,101.78,15,2,3,0,3,0,0.1507,0.1507,0,0,0,0,0,0,0,0,0,0,0,0,0,0,0,0,0,0,0,0,0,0,0,0
1209,112.07,115.07,26,1,3,0,3,0,1,0,0,0,0,0,0,0,0,0,0,0,0,0,0,1,0,0,0,0,0,0,0,0,0,0
1209,125.6,126.22,4,2,3,0,3,1,0,0,0,0,1,0,0,0,0,0,0,0,0,0,0,0,0,0,0,0,0,0,0,0,0,0
1209,137.45,137.87,6,2,3,0,3,0,0,0,0,0,0,0,0,0,0,0,0,0,0,0,0,0,0,0,0,0,0,0,0,0,0,0
1209,139.84,142.14,26,2,3,1,1,0,0.27837,0,0,0,0,0,0.27837,0,0,0,0,0,0,0,0,0,0,0,0,0,0,0,0,0,0,0
1209,169.66,171.22,14,2,3,0,3,0,0.82957,0,0,0,0,0,0,0,0,0,0,0,0.026338,0,0,0,0,0,0.80324,0,0,0,0,0,0,0
1209,171.82,172.56,14,2,3,0,3,0,1,0,0,0,0,0,0,0,0,0,0,0,0,0,0,0,0,0,1,0,0,0,0,0,0,0
1209,231.59,233.06,14,1,3,0,3,1,0,0,0,0,0,0,0,0,0,0,0,0,0,0,1,0,0,0,0,0,0,0,0,0,0,0