subID,onset,offset,refID,cue,type,prop-target,prop-other,cat-1,cat-2,cat-3,cat-4,cat-5,cat-6,cat-7,cat-8,cat-9,cat-10,cat-11,cat-12,cat-13,cat-14,cat-15,cat-16,cat-17,cat-18,cat-19,cat-20,cat-21,cat-22,cat-23,cat-24,cat-25
1204,55.648,57.603,15,1,3,0.28235,0.42778,0,0,0,0,0,0,0,0,0,0,0,0,0,0,0.28235,0,0,0,0,0,0,0,0.035606,0,0.39217
1204,55.648,57.603,15,1,3,0.28235,0.42778,0,0,0,0,0,0,0,0,0,0,0,0,0,0,0.28235,0,0,0,0,0,0,0,0.035606,0,0.39217
1204,67.717,69.239,14,2,3,0.71147,0.20097,0,0,0,0,0,0,0,0,0,0,0,0,0,0.71147,0,0,0,0,0,0,0,0,0,0,0.20097
1204,69.997,71.354,14,1,3,0.19852,0.4083,0,0,0,0,0,0,0,0,0,0,0,0,0,0.19852,0,0,0,0,0,0,0,0,0,0,0.4083
1204,73.262,76.042,14,1,3,0.6732,0.13492,0,0,0,0,0,0,0,0,0,0,0,0,0,0.6732,0,0,0,0,0,0,0,0,0,0,0.13492
1204,76.993,78.555,14,1,3,0.44797,0.27732,0,0,0,0,0,0,0,0,0,0,0,0,0,0.44797,0,0,0.27732,0,0,0,0,0,0,0,0
1204,241.57,242.5,1,1,3,1,0,1,0,0,0,0,0,0,0,0,0,0,0,0,0,0,0,0,0,0,0,0,0,0,0,0
1204,241.57,242.5,15,1,3,0,1,1,0,0,0,0,0,0,0,0,0,0,0,0,0,0,0,0,0,0,0,0,0,0,0,0
1204,249.6,251.39,15,1,3,1,0,0,0,0,0,0,0,0,0,0,0,0,0,0,0,1,0,0,0,0,0,0,0,0,0,0
