subID,onset,offset,refID,cue,type,prop-target,prop-other,cat-1,cat-2,cat-3,cat-4,cat-5,cat-6,cat-7,cat-8,cat-9,cat-10,cat-11,cat-12,cat-13,cat-14,cat-15,cat-16,cat-17,cat-18,cat-19,cat-20,cat-21,cat-22,cat-23,cat-24,cat-25
1209,100.39,101.78,15,2,3,0,0.71308,0.19852,0,0,0,0,0,0,0,0,0,0,0,0,0,0,0,0,0,0,0,0,0,0.060258,0,0.4543
1209,112.07,115.07,26,1,3,0,0.71185,0,0,0,0,0,0,0,0,0,0,0,0,0,0,0.62282,0,0,0,0,0,0,0,0,0,0.089025
1209,125.6,126.22,4,2,3,1,0,0,0,0,1,0,0,0,0,0,0,0,0,0,0,0,0,0,0,0,0,0,0,0,0,0
1209,137.45,137.87,6,2,3,0.58913,0.17121,0,0,0,0,0,0.58913,0,0,0,0,0,0,0,0,0,0,0,0,0,0,0,0,0,0,0.17121
1209,139.84,142.14,26,2,3,0,0.53281,0,0,0.082535,0,0,0,0,0,0,0,0,0,0,0,0,0.45027,0,0,0,0,0,0,0,0,0
1209,169.66,171.22,14,2,3,0,1,0,0,0,0,0,0,0,0,0,0,0,0,0,0,0,0,0,1,0,0,0,0,0,0,0
1209,171.82,172.56,14,2,3,0,0.96311,0,0,0,0,0,0,0,0,0,0,0,0,0,0,0,0,0,0.96311,0,0,0,0,0,0,0
1209,231.59,233.06,14,1,3,1,0,0,0,0,0,0,0,0,0,0,0,0,0,0,1,0,0,0,0,0,0,0,0,0,0,0
